-- =============================================
-- SATIŞ PRO - DEMO VERİLERİ 
-- 10 Kişilik Satış Ekibi + Tüm Veriler
-- =============================================

-- =============================================
-- ÖNCE EKSİK SÜTUNLARI EKLE
-- =============================================

-- Collections tablosu
ALTER TABLE collections ADD COLUMN IF NOT EXISTS due_date DATE;
ALTER TABLE collections ADD COLUMN IF NOT EXISTS payment_date DATE;
ALTER TABLE collections ADD COLUMN IF NOT EXISTS invoice_no TEXT;
ALTER TABLE collections ADD COLUMN IF NOT EXISTS notes TEXT;
ALTER TABLE collections ADD COLUMN IF NOT EXISTS sales_person_id UUID;
ALTER TABLE collections ADD COLUMN IF NOT EXISTS status TEXT DEFAULT 'Bekliyor';

-- CRM Activities tablosu
ALTER TABLE crm_activities ADD COLUMN IF NOT EXISTS sales_person_id UUID;
ALTER TABLE crm_activities ADD COLUMN IF NOT EXISTS type TEXT;
ALTER TABLE crm_activities ADD COLUMN IF NOT EXISTS activity_date TIMESTAMPTZ;

-- CRM Tasks tablosu
ALTER TABLE crm_tasks ADD COLUMN IF NOT EXISTS sales_person_id UUID;
ALTER TABLE crm_tasks ADD COLUMN IF NOT EXISTS title TEXT;
ALTER TABLE crm_tasks ADD COLUMN IF NOT EXISTS description TEXT;
ALTER TABLE crm_tasks ADD COLUMN IF NOT EXISTS due_date DATE;
ALTER TABLE crm_tasks ADD COLUMN IF NOT EXISTS priority TEXT DEFAULT 'Orta';
ALTER TABLE crm_tasks ADD COLUMN IF NOT EXISTS status TEXT DEFAULT 'Bekliyor';

-- Targets tablosu
ALTER TABLE targets ADD COLUMN IF NOT EXISTS sales_person_id UUID;
ALTER TABLE targets ADD COLUMN IF NOT EXISTS period TEXT;
ALTER TABLE targets ADD COLUMN IF NOT EXISTS sales_target NUMERIC;
ALTER TABLE targets ADD COLUMN IF NOT EXISTS collection_target NUMERIC;
ALTER TABLE targets ADD COLUMN IF NOT EXISTS achieved_sales NUMERIC DEFAULT 0;
ALTER TABLE targets ADD COLUMN IF NOT EXISTS achieved_collection NUMERIC DEFAULT 0;

-- Opportunities tablosu
ALTER TABLE opportunities ADD COLUMN IF NOT EXISTS assigned_to UUID;
ALTER TABLE opportunities ADD COLUMN IF NOT EXISTS probability INTEGER DEFAULT 50;
ALTER TABLE opportunities ADD COLUMN IF NOT EXISTS stage TEXT DEFAULT 'Keşif';
ALTER TABLE opportunities ADD COLUMN IF NOT EXISTS expected_close DATE;
ALTER TABLE opportunities ADD COLUMN IF NOT EXISTS notes TEXT;

-- Customers tablosu
ALTER TABLE customers ADD COLUMN IF NOT EXISTS assigned_to UUID;
ALTER TABLE customers ADD COLUMN IF NOT EXISTS total_sales NUMERIC DEFAULT 0;

-- =============================================

-- Önce mevcut demo verileri temizle
DELETE FROM crm_tasks;
DELETE FROM crm_activities;
DELETE FROM crm_notes;
DELETE FROM collections;
DELETE FROM opportunities;
DELETE FROM targets;
DELETE FROM swot_analyses;
DELETE FROM customers;
DELETE FROM sales_team;

-- =============================================
-- 1. SATIŞ EKİBİ (10 Kişi)
-- =============================================

INSERT INTO sales_team (id, name, email, phone, title, region, avatar, status, created_at) VALUES
('a1000001-0000-0000-0000-000000000001', 'Ahmet Yılmaz', 'ahmet.yilmaz@vizioteknoloji.com', '0532 111 0001', 'Satış Direktörü', 'Türkiye', '👨‍💼', 'active', NOW()),
('a1000001-0000-0000-0000-000000000002', 'Elif Kaya', 'elif.kaya@vizioteknoloji.com', '0532 111 0002', 'Satış Müdürü', 'Marmara', '👩‍💼', 'active', NOW()),
('a1000001-0000-0000-0000-000000000003', 'Mehmet Demir', 'mehmet.demir@vizioteknoloji.com', '0532 111 0003', 'Kıdemli Satış Uzmanı', 'İstanbul Anadolu', '👨‍💻', 'active', NOW()),
('a1000001-0000-0000-0000-000000000004', 'Ayşe Çelik', 'ayse.celik@vizioteknoloji.com', '0532 111 0004', 'Kıdemli Satış Uzmanı', 'İstanbul Avrupa', '👩‍💻', 'active', NOW()),
('a1000001-0000-0000-0000-000000000005', 'Can Öztürk', 'can.ozturk@vizioteknoloji.com', '0532 111 0005', 'Satış Uzmanı', 'Ankara', '🧑‍💼', 'active', NOW()),
('a1000001-0000-0000-0000-000000000006', 'Zeynep Arslan', 'zeynep.arslan@vizioteknoloji.com', '0532 111 0006', 'Satış Uzmanı', 'İzmir', '👩‍💼', 'active', NOW()),
('a1000001-0000-0000-0000-000000000007', 'Burak Şahin', 'burak.sahin@vizioteknoloji.com', '0532 111 0007', 'Satış Uzmanı', 'Bursa', '👨‍💼', 'active', NOW()),
('a1000001-0000-0000-0000-000000000008', 'Selin Yıldız', 'selin.yildiz@vizioteknoloji.com', '0532 111 0008', 'Satış Uzmanı', 'Antalya', '👩‍💻', 'active', NOW()),
('a1000001-0000-0000-0000-000000000009', 'Emre Koç', 'emre.koc@vizioteknoloji.com', '0532 111 0009', 'Junior Satış Uzmanı', 'Konya', '🧑‍💼', 'active', NOW()),
('a1000001-0000-0000-0000-000000000010', 'Deniz Aydın', 'deniz.aydin@vizioteknoloji.com', '0532 111 0010', 'Junior Satış Uzmanı', 'Adana', '👤', 'active', NOW());

-- =============================================
-- 2. MÜŞTERİLER (32 Müşteri)
-- =============================================

INSERT INTO customers (id, name, contact_person, email, phone, sector, status, assigned_to, total_sales, created_at) VALUES
('b1000001-0000-0000-0000-000000000001', 'Teknosa A.Ş.', 'Ali Vural', 'ali.vural@teknosa.com', '0216 555 0001', 'Teknoloji', 'VIP', 'a1000001-0000-0000-0000-000000000003', 2850000, NOW()),
('b1000001-0000-0000-0000-000000000002', 'Karaca Grup', 'Fatma Karaca', 'fatma@karacagrup.com', '0216 555 0002', 'Perakende', 'Aktif', 'a1000001-0000-0000-0000-000000000003', 1250000, NOW()),
('b1000001-0000-0000-0000-000000000003', 'Mavi Lojistik', 'Kemal Mavi', 'kemal@mavilojistik.com', '0216 555 0003', 'Lojistik', 'Aktif', 'a1000001-0000-0000-0000-000000000003', 890000, NOW()),
('b1000001-0000-0000-0000-000000000004', 'Anadolu Sigorta', 'Sevgi Demir', 'sevgi@anadolusigorta.com', '0216 555 0004', 'Finans', 'Potansiyel', 'a1000001-0000-0000-0000-000000000003', 0, NOW()),
('b1000001-0000-0000-0000-000000000005', 'Koç Holding', 'Mustafa Koç', 'mustafa@koc.com.tr', '0212 555 0001', 'Holding', 'VIP', 'a1000001-0000-0000-0000-000000000004', 4500000, NOW()),
('b1000001-0000-0000-0000-000000000006', 'Sabancı Holding', 'Güler Sabancı', 'guler@sabanci.com', '0212 555 0002', 'Holding', 'VIP', 'a1000001-0000-0000-0000-000000000004', 3200000, NOW()),
('b1000001-0000-0000-0000-000000000007', 'Turkcell', 'Murat Erkan', 'murat@turkcell.com.tr', '0212 555 0003', 'Telekom', 'Aktif', 'a1000001-0000-0000-0000-000000000004', 1800000, NOW()),
('b1000001-0000-0000-0000-000000000008', 'Garanti BBVA', 'Fuat Erbil', 'fuat@garantibbva.com', '0212 555 0004', 'Finans', 'Aktif', 'a1000001-0000-0000-0000-000000000004', 950000, NOW()),
('b1000001-0000-0000-0000-000000000009', 'ASELSAN', 'Haluk Görgün', 'haluk@aselsan.com.tr', '0312 555 0001', 'Savunma', 'VIP', 'a1000001-0000-0000-0000-000000000005', 5200000, NOW()),
('b1000001-0000-0000-0000-000000000010', 'HAVELSAN', 'Mehmet Akif', 'mehmet@havelsan.com.tr', '0312 555 0002', 'Savunma', 'VIP', 'a1000001-0000-0000-0000-000000000005', 3800000, NOW()),
('b1000001-0000-0000-0000-000000000011', 'Türk Telekom', 'Ümit Önal', 'umit@turktelekom.com.tr', '0312 555 0003', 'Telekom', 'Aktif', 'a1000001-0000-0000-0000-000000000005', 1500000, NOW()),
('b1000001-0000-0000-0000-000000000012', 'MKE', 'Yasin Aktay', 'yasin@mke.gov.tr', '0312 555 0004', 'Savunma', 'Aktif', 'a1000001-0000-0000-0000-000000000005', 780000, NOW()),
('b1000001-0000-0000-0000-000000000013', 'Vestel', 'Turan Erdoğan', 'turan@vestel.com.tr', '0232 555 0001', 'Üretim', 'VIP', 'a1000001-0000-0000-0000-000000000006', 2100000, NOW()),
('b1000001-0000-0000-0000-000000000014', 'Ege Seramik', 'Hasan Ege', 'hasan@egeseramik.com', '0232 555 0002', 'Üretim', 'Aktif', 'a1000001-0000-0000-0000-000000000006', 1350000, NOW()),
('b1000001-0000-0000-0000-000000000015', 'Pınar Süt', 'Ayhan Pınar', 'ayhan@pinarsut.com.tr', '0232 555 0003', 'Gıda', 'Aktif', 'a1000001-0000-0000-0000-000000000006', 920000, NOW()),
('b1000001-0000-0000-0000-000000000016', 'İzmir Demir Çelik', 'Osman Çelik', 'osman@izmirdemircelik.com', '0232 555 0004', 'Üretim', 'Potansiyel', 'a1000001-0000-0000-0000-000000000006', 0, NOW()),
('b1000001-0000-0000-0000-000000000017', 'TOFAŞ', 'Cengiz Eroldu', 'cengiz@tofas.com.tr', '0224 555 0001', 'Otomotiv', 'VIP', 'a1000001-0000-0000-0000-000000000007', 3500000, NOW()),
('b1000001-0000-0000-0000-000000000018', 'Oyak Renault', 'Antoine Aoun', 'antoine@oyakrenault.com', '0224 555 0002', 'Otomotiv', 'VIP', 'a1000001-0000-0000-0000-000000000007', 2800000, NOW()),
('b1000001-0000-0000-0000-000000000019', 'Bosch Türkiye', 'Stefan Hartung', 'stefan@bosch.com.tr', '0224 555 0003', 'Otomotiv', 'Aktif', 'a1000001-0000-0000-0000-000000000007', 1600000, NOW()),
('b1000001-0000-0000-0000-000000000020', 'Bursa Çimento', 'Veli Cemento', 'veli@bursacimento.com', '0224 555 0004', 'Üretim', 'Aktif', 'a1000001-0000-0000-0000-000000000007', 650000, NOW()),
('b1000001-0000-0000-0000-000000000021', 'Rixos Hotels', 'Fettah Tamince', 'fettah@rixos.com', '0242 555 0001', 'Turizm', 'VIP', 'a1000001-0000-0000-0000-000000000008', 1900000, NOW()),
('b1000001-0000-0000-0000-000000000022', 'Akdeniz Üniversitesi', 'Prof. Özlenen Özkan', 'rektor@akdeniz.edu.tr', '0242 555 0002', 'Eğitim', 'Aktif', 'a1000001-0000-0000-0000-000000000008', 850000, NOW()),
('b1000001-0000-0000-0000-000000000023', 'Corendon Airlines', 'Yıldıray Karaer', 'yildiray@corendon.com', '0242 555 0003', 'Havacılık', 'Aktif', 'a1000001-0000-0000-0000-000000000008', 720000, NOW()),
('b1000001-0000-0000-0000-000000000024', 'Antalya OSB', 'Necdet Güler', 'necdet@antalyaosb.org', '0242 555 0004', 'Sanayi', 'Potansiyel', 'a1000001-0000-0000-0000-000000000008', 0, NOW()),
('b1000001-0000-0000-0000-000000000025', 'Konya Şeker', 'Recep Konuk', 'recep@konyaseker.com.tr', '0332 555 0001', 'Gıda', 'Aktif', 'a1000001-0000-0000-0000-000000000009', 1100000, NOW()),
('b1000001-0000-0000-0000-000000000026', 'Kombassan Holding', 'Haşim Bayram', 'hasim@kombassan.com.tr', '0332 555 0002', 'Holding', 'Aktif', 'a1000001-0000-0000-0000-000000000009', 780000, NOW()),
('b1000001-0000-0000-0000-000000000027', 'Selçuk Üniversitesi', 'Prof. Metin Aksoy', 'rektor@selcuk.edu.tr', '0332 555 0003', 'Eğitim', 'Aktif', 'a1000001-0000-0000-0000-000000000009', 450000, NOW()),
('b1000001-0000-0000-0000-000000000028', 'Konya Büyükşehir', 'Uğur İbrahim Altay', 'belediye@konya.bel.tr', '0332 555 0004', 'Kamu', 'Potansiyel', 'a1000001-0000-0000-0000-000000000009', 0, NOW()),
('b1000001-0000-0000-0000-000000000029', 'Sabancı Çimento', 'Fatih Sabancı', 'fatih@sabancicimento.com', '0322 555 0001', 'Üretim', 'VIP', 'a1000001-0000-0000-0000-000000000010', 1400000, NOW()),
('b1000001-0000-0000-0000-000000000030', 'TEMSA', 'Hasan Yıldırım', 'hasan@temsa.com', '0322 555 0002', 'Otomotiv', 'Aktif', 'a1000001-0000-0000-0000-000000000010', 980000, NOW()),
('b1000001-0000-0000-0000-000000000031', 'Çukobirlik', 'Mehmet Öz', 'mehmet@cukobirlik.com.tr', '0322 555 0003', 'Tarım', 'Aktif', 'a1000001-0000-0000-0000-000000000010', 560000, NOW()),
('b1000001-0000-0000-0000-000000000032', 'Adana OSB', 'İsmail Öz', 'ismail@adanaosb.org.tr', '0322 555 0004', 'Sanayi', 'Potansiyel', 'a1000001-0000-0000-0000-000000000010', 0, NOW());

-- =============================================
-- 3. HEDEFLER
-- =============================================

INSERT INTO targets (id, sales_person_id, period, sales_target, collection_target, achieved_sales, achieved_collection, created_at) VALUES
('c1000001-0000-0000-0000-000000000001', 'a1000001-0000-0000-0000-000000000003', '2025-01', 1500000, 1200000, 1350000, 1100000, NOW()),
('c1000001-0000-0000-0000-000000000002', 'a1000001-0000-0000-0000-000000000004', '2025-01', 2000000, 1800000, 2150000, 1750000, NOW()),
('c1000001-0000-0000-0000-000000000003', 'a1000001-0000-0000-0000-000000000005', '2025-01', 1800000, 1500000, 1650000, 1400000, NOW()),
('c1000001-0000-0000-0000-000000000004', 'a1000001-0000-0000-0000-000000000006', '2025-01', 1200000, 1000000, 1280000, 980000, NOW()),
('c1000001-0000-0000-0000-000000000005', 'a1000001-0000-0000-0000-000000000007', '2025-01', 1600000, 1400000, 1520000, 1350000, NOW()),
('c1000001-0000-0000-0000-000000000006', 'a1000001-0000-0000-0000-000000000008', '2025-01', 1000000, 800000, 920000, 780000, NOW()),
('c1000001-0000-0000-0000-000000000007', 'a1000001-0000-0000-0000-000000000009', '2025-01', 800000, 600000, 650000, 520000, NOW()),
('c1000001-0000-0000-0000-000000000008', 'a1000001-0000-0000-0000-000000000010', '2025-01', 700000, 500000, 580000, 450000, NOW()),
('c1000001-0000-0000-0000-000000000011', 'a1000001-0000-0000-0000-000000000003', '2025-02', 1600000, 1300000, 890000, 720000, NOW()),
('c1000001-0000-0000-0000-000000000012', 'a1000001-0000-0000-0000-000000000004', '2025-02', 2200000, 1900000, 1450000, 1200000, NOW()),
('c1000001-0000-0000-0000-000000000013', 'a1000001-0000-0000-0000-000000000005', '2025-02', 1900000, 1600000, 1100000, 950000, NOW()),
('c1000001-0000-0000-0000-000000000014', 'a1000001-0000-0000-0000-000000000006', '2025-02', 1300000, 1100000, 780000, 650000, NOW()),
('c1000001-0000-0000-0000-000000000015', 'a1000001-0000-0000-0000-000000000007', '2025-02', 1700000, 1500000, 950000, 820000, NOW()),
('c1000001-0000-0000-0000-000000000016', 'a1000001-0000-0000-0000-000000000008', '2025-02', 1100000, 900000, 620000, 510000, NOW()),
('c1000001-0000-0000-0000-000000000017', 'a1000001-0000-0000-0000-000000000009', '2025-02', 900000, 700000, 420000, 350000, NOW()),
('c1000001-0000-0000-0000-000000000018', 'a1000001-0000-0000-0000-000000000010', '2025-02', 800000, 600000, 380000, 290000, NOW());

-- =============================================
-- 4. FIRSATLAR
-- =============================================

INSERT INTO opportunities (id, title, customer_id, assigned_to, value, probability, stage, expected_close, notes, created_at) VALUES
('d1000001-0000-0000-0000-000000000001', 'Teknosa ERP Projesi', 'b1000001-0000-0000-0000-000000000001', 'a1000001-0000-0000-0000-000000000003', 850000, 80, 'Müzakere', '2025-02-28', 'Son görüşme olumlu', NOW()),
('d1000001-0000-0000-0000-000000000002', 'Karaca CRM Yazılımı', 'b1000001-0000-0000-0000-000000000002', 'a1000001-0000-0000-0000-000000000003', 320000, 60, 'Teklif', '2025-03-15', 'Teklif gönderildi', NOW()),
('d1000001-0000-0000-0000-000000000003', 'Mavi Lojistik TMS', 'b1000001-0000-0000-0000-000000000003', 'a1000001-0000-0000-0000-000000000003', 450000, 40, 'Keşif', '2025-04-01', 'İhtiyaç analizi', NOW()),
('d1000001-0000-0000-0000-000000000004', 'Koç Holding SAP', 'b1000001-0000-0000-0000-000000000005', 'a1000001-0000-0000-0000-000000000004', 2500000, 90, 'Kapanış', '2025-02-15', 'Sözleşme hazırlanıyor', NOW()),
('d1000001-0000-0000-0000-000000000005', 'Sabancı Dijital', 'b1000001-0000-0000-0000-000000000006', 'a1000001-0000-0000-0000-000000000004', 1800000, 70, 'Müzakere', '2025-03-01', 'Fiyat görüşmeleri', NOW()),
('d1000001-0000-0000-0000-000000000006', 'Turkcell IoT', 'b1000001-0000-0000-0000-000000000007', 'a1000001-0000-0000-0000-000000000004', 950000, 50, 'Teklif', '2025-03-20', 'Teknik değerlendirme', NOW()),
('d1000001-0000-0000-0000-000000000007', 'Garanti Mobil', 'b1000001-0000-0000-0000-000000000008', 'a1000001-0000-0000-0000-000000000004', 680000, 30, 'Keşif', '2025-04-15', 'İlk toplantı yapıldı', NOW()),
('d1000001-0000-0000-0000-000000000008', 'ASELSAN Siber', 'b1000001-0000-0000-0000-000000000009', 'a1000001-0000-0000-0000-000000000005', 3200000, 85, 'Kapanış', '2025-02-20', 'İhale kazanıldı', NOW()),
('d1000001-0000-0000-0000-000000000009', 'HAVELSAN Bulut', 'b1000001-0000-0000-0000-000000000010', 'a1000001-0000-0000-0000-000000000005', 1500000, 65, 'Müzakere', '2025-03-10', 'Şartname onaylandı', NOW()),
('d1000001-0000-0000-0000-000000000010', 'Türk Telekom DC', 'b1000001-0000-0000-0000-000000000011', 'a1000001-0000-0000-0000-000000000005', 890000, 45, 'Teklif', '2025-04-01', 'Revize teklif', NOW()),
('d1000001-0000-0000-0000-000000000011', 'Vestel Akıllı Fabrika', 'b1000001-0000-0000-0000-000000000013', 'a1000001-0000-0000-0000-000000000006', 1200000, 75, 'Müzakere', '2025-02-25', 'POC başarılı', NOW()),
('d1000001-0000-0000-0000-000000000012', 'Ege Seramik MES', 'b1000001-0000-0000-0000-000000000014', 'a1000001-0000-0000-0000-000000000006', 650000, 55, 'Teklif', '2025-03-15', 'Demo planlanıyor', NOW()),
('d1000001-0000-0000-0000-000000000013', 'Pınar Süt SCM', 'b1000001-0000-0000-0000-000000000015', 'a1000001-0000-0000-0000-000000000006', 420000, 35, 'Keşif', '2025-04-10', 'Keşif toplantısı', NOW()),
('d1000001-0000-0000-0000-000000000014', 'TOFAŞ Üretim', 'b1000001-0000-0000-0000-000000000017', 'a1000001-0000-0000-0000-000000000007', 1800000, 80, 'Müzakere', '2025-02-28', 'Son fiyat görüşmesi', NOW()),
('d1000001-0000-0000-0000-000000000015', 'Oyak Renault PLM', 'b1000001-0000-0000-0000-000000000018', 'a1000001-0000-0000-0000-000000000007', 1400000, 60, 'Teklif', '2025-03-20', 'Global onay bekleniyor', NOW()),
('d1000001-0000-0000-0000-000000000016', 'Bosch Kalite', 'b1000001-0000-0000-0000-000000000019', 'a1000001-0000-0000-0000-000000000007', 720000, 40, 'Keşif', '2025-04-15', 'RFQ alındı', NOW()),
('d1000001-0000-0000-0000-000000000017', 'Rixos Otel', 'b1000001-0000-0000-0000-000000000021', 'a1000001-0000-0000-0000-000000000008', 950000, 70, 'Müzakere', '2025-03-01', 'Pilot otel belirlendi', NOW()),
('d1000001-0000-0000-0000-000000000018', 'Akdeniz E-Kampüs', 'b1000001-0000-0000-0000-000000000022', 'a1000001-0000-0000-0000-000000000008', 380000, 50, 'Teklif', '2025-03-25', 'İhale dosyası', NOW()),
('d1000001-0000-0000-0000-000000000019', 'Corendon Rez', 'b1000001-0000-0000-0000-000000000023', 'a1000001-0000-0000-0000-000000000008', 290000, 30, 'Keşif', '2025-04-20', 'İhtiyaç belirleme', NOW()),
('d1000001-0000-0000-0000-000000000020', 'Konya Şeker ERP', 'b1000001-0000-0000-0000-000000000025', 'a1000001-0000-0000-0000-000000000009', 580000, 65, 'Müzakere', '2025-03-10', 'Referans ziyareti', NOW()),
('d1000001-0000-0000-0000-000000000021', 'Kombassan BI', 'b1000001-0000-0000-0000-000000000026', 'a1000001-0000-0000-0000-000000000009', 320000, 45, 'Teklif', '2025-04-01', 'Değerlendirmede', NOW()),
('d1000001-0000-0000-0000-000000000022', 'Selçuk Kütüphane', 'b1000001-0000-0000-0000-000000000027', 'a1000001-0000-0000-0000-000000000009', 180000, 25, 'Keşif', '2025-05-01', 'Bütçe onayı', NOW()),
('d1000001-0000-0000-0000-000000000023', 'Sabancı Çimento IoT', 'b1000001-0000-0000-0000-000000000029', 'a1000001-0000-0000-0000-000000000010', 720000, 60, 'Teklif', '2025-03-15', 'Teknik toplantı', NOW()),
('d1000001-0000-0000-0000-000000000024', 'TEMSA Filo', 'b1000001-0000-0000-0000-000000000030', 'a1000001-0000-0000-0000-000000000010', 480000, 40, 'Keşif', '2025-04-10', 'Demo talebi', NOW()),
('d1000001-0000-0000-0000-000000000025', 'Çukobirlik Tarım', 'b1000001-0000-0000-0000-000000000031', 'a1000001-0000-0000-0000-000000000010', 250000, 20, 'Keşif', '2025-05-15', 'İlk temas', NOW());

-- =============================================
-- 5. TAHSİLATLAR
-- =============================================

INSERT INTO collections (id, customer_id, sales_person_id, amount, due_date, status, payment_date, invoice_no, notes, created_at) VALUES
('e1000001-0000-0000-0000-000000000001', 'b1000001-0000-0000-0000-000000000001', 'a1000001-0000-0000-0000-000000000003', 450000, '2025-01-15', 'Ödendi', '2025-01-14', 'FT-2025-001', 'Erken ödeme', NOW()),
('e1000001-0000-0000-0000-000000000002', 'b1000001-0000-0000-0000-000000000002', 'a1000001-0000-0000-0000-000000000003', 280000, '2025-02-01', 'Ödendi', '2025-02-01', 'FT-2025-015', NULL, NOW()),
('e1000001-0000-0000-0000-000000000003', 'b1000001-0000-0000-0000-000000000001', 'a1000001-0000-0000-0000-000000000003', 520000, '2025-02-15', 'Bekliyor', NULL, 'FT-2025-032', NULL, NOW()),
('e1000001-0000-0000-0000-000000000004', 'b1000001-0000-0000-0000-000000000005', 'a1000001-0000-0000-0000-000000000004', 1200000, '2025-01-20', 'Ödendi', '2025-01-18', 'FT-2025-002', NULL, NOW()),
('e1000001-0000-0000-0000-000000000005', 'b1000001-0000-0000-0000-000000000006', 'a1000001-0000-0000-0000-000000000004', 850000, '2025-02-05', 'Ödendi', '2025-02-05', 'FT-2025-018', NULL, NOW()),
('e1000001-0000-0000-0000-000000000006', 'b1000001-0000-0000-0000-000000000007', 'a1000001-0000-0000-0000-000000000004', 680000, '2025-02-20', 'Bekliyor', NULL, 'FT-2025-035', 'Hatırlatma', NOW()),
('e1000001-0000-0000-0000-000000000007', 'b1000001-0000-0000-0000-000000000005', 'a1000001-0000-0000-0000-000000000004', 950000, '2025-01-10', 'Gecikmiş', NULL, 'FT-2024-198', 'Takip', NOW()),
('e1000001-0000-0000-0000-000000000008', 'b1000001-0000-0000-0000-000000000009', 'a1000001-0000-0000-0000-000000000005', 1500000, '2025-01-25', 'Ödendi', '2025-01-24', 'FT-2025-005', NULL, NOW()),
('e1000001-0000-0000-0000-000000000009', 'b1000001-0000-0000-0000-000000000010', 'a1000001-0000-0000-0000-000000000005', 980000, '2025-02-10', 'Ödendi', '2025-02-09', 'FT-2025-022', NULL, NOW()),
('e1000001-0000-0000-0000-000000000010', 'b1000001-0000-0000-0000-000000000009', 'a1000001-0000-0000-0000-000000000005', 720000, '2025-02-28', 'Bekliyor', NULL, 'FT-2025-041', NULL, NOW()),
('e1000001-0000-0000-0000-000000000011', 'b1000001-0000-0000-0000-000000000013', 'a1000001-0000-0000-0000-000000000006', 650000, '2025-01-30', 'Ödendi', '2025-01-30', 'FT-2025-008', NULL, NOW()),
('e1000001-0000-0000-0000-000000000012', 'b1000001-0000-0000-0000-000000000014', 'a1000001-0000-0000-0000-000000000006', 420000, '2025-02-15', 'Ödendi', '2025-02-14', 'FT-2025-028', NULL, NOW()),
('e1000001-0000-0000-0000-000000000013', 'b1000001-0000-0000-0000-000000000013', 'a1000001-0000-0000-0000-000000000006', 380000, '2025-02-25', 'Bekliyor', NULL, 'FT-2025-038', NULL, NOW()),
('e1000001-0000-0000-0000-000000000014', 'b1000001-0000-0000-0000-000000000017', 'a1000001-0000-0000-0000-000000000007', 920000, '2025-01-20', 'Ödendi', '2025-01-19', 'FT-2025-003', NULL, NOW()),
('e1000001-0000-0000-0000-000000000015', 'b1000001-0000-0000-0000-000000000018', 'a1000001-0000-0000-0000-000000000007', 780000, '2025-02-05', 'Ödendi', '2025-02-04', 'FT-2025-019', NULL, NOW()),
('e1000001-0000-0000-0000-000000000016', 'b1000001-0000-0000-0000-000000000019', 'a1000001-0000-0000-0000-000000000007', 540000, '2025-02-20', 'Bekliyor', NULL, 'FT-2025-036', NULL, NOW()),
('e1000001-0000-0000-0000-000000000017', 'b1000001-0000-0000-0000-000000000021', 'a1000001-0000-0000-0000-000000000008', 480000, '2025-01-25', 'Ödendi', '2025-01-25', 'FT-2025-006', NULL, NOW()),
('e1000001-0000-0000-0000-000000000018', 'b1000001-0000-0000-0000-000000000022', 'a1000001-0000-0000-0000-000000000008', 320000, '2025-02-10', 'Ödendi', '2025-02-10', 'FT-2025-023', NULL, NOW()),
('e1000001-0000-0000-0000-000000000019', 'b1000001-0000-0000-0000-000000000021', 'a1000001-0000-0000-0000-000000000008', 290000, '2025-02-28', 'Bekliyor', NULL, 'FT-2025-042', NULL, NOW()),
('e1000001-0000-0000-0000-000000000020', 'b1000001-0000-0000-0000-000000000025', 'a1000001-0000-0000-0000-000000000009', 350000, '2025-01-30', 'Ödendi', '2025-01-30', 'FT-2025-009', NULL, NOW()),
('e1000001-0000-0000-0000-000000000021', 'b1000001-0000-0000-0000-000000000026', 'a1000001-0000-0000-0000-000000000009', 280000, '2025-02-15', 'Ödendi', '2025-02-15', 'FT-2025-029', NULL, NOW()),
('e1000001-0000-0000-0000-000000000022', 'b1000001-0000-0000-0000-000000000025', 'a1000001-0000-0000-0000-000000000009', 220000, '2025-02-28', 'Gecikmiş', NULL, 'FT-2025-011', 'Hatırlatma', NOW()),
('e1000001-0000-0000-0000-000000000023', 'b1000001-0000-0000-0000-000000000029', 'a1000001-0000-0000-0000-000000000010', 420000, '2025-01-28', 'Ödendi', '2025-01-27', 'FT-2025-007', NULL, NOW()),
('e1000001-0000-0000-0000-000000000024', 'b1000001-0000-0000-0000-000000000030', 'a1000001-0000-0000-0000-000000000010', 310000, '2025-02-12', 'Ödendi', '2025-02-12', 'FT-2025-025', NULL, NOW()),
('e1000001-0000-0000-0000-000000000025', 'b1000001-0000-0000-0000-000000000029', 'a1000001-0000-0000-0000-000000000010', 280000, '2025-02-25', 'Bekliyor', NULL, 'FT-2025-039', NULL, NOW());

-- =============================================
-- 6. CRM AKTİVİTELERİ
-- =============================================

INSERT INTO crm_activities (id, customer_id, sales_person_id, type, title, description, activity_date, created_at) VALUES
('f1000001-0000-0000-0000-000000000001', 'b1000001-0000-0000-0000-000000000001', 'a1000001-0000-0000-0000-000000000003', 'Toplantı', 'ERP Proje Sunumu', 'Yönetim kuruluna sunum yapıldı', '2025-01-20 10:00:00', NOW()),
('f1000001-0000-0000-0000-000000000002', 'b1000001-0000-0000-0000-000000000005', 'a1000001-0000-0000-0000-000000000004', 'Telefon', 'Sözleşme Görüşmesi', 'Detaylar konuşuldu', '2025-01-21 14:30:00', NOW()),
('f1000001-0000-0000-0000-000000000003', 'b1000001-0000-0000-0000-000000000009', 'a1000001-0000-0000-0000-000000000005', 'Email', 'Teklif Gönderimi', 'Revize teklif gönderildi', '2025-01-22 09:15:00', NOW()),
('f1000001-0000-0000-0000-000000000004', 'b1000001-0000-0000-0000-000000000013', 'a1000001-0000-0000-0000-000000000006', 'Ziyaret', 'Fabrika Turu', 'Saha incelemesi', '2025-01-23 11:00:00', NOW()),
('f1000001-0000-0000-0000-000000000005', 'b1000001-0000-0000-0000-000000000017', 'a1000001-0000-0000-0000-000000000007', 'Toplantı', 'POC Değerlendirme', 'Pilot sonuçları', '2025-01-24 15:00:00', NOW()),
('f1000001-0000-0000-0000-000000000006', 'b1000001-0000-0000-0000-000000000021', 'a1000001-0000-0000-0000-000000000008', 'Demo', 'Sistem Tanıtımı', 'Demo sunumu', '2025-01-25 10:30:00', NOW()),
('f1000001-0000-0000-0000-000000000007', 'b1000001-0000-0000-0000-000000000025', 'a1000001-0000-0000-0000-000000000009', 'Telefon', 'Takip Görüşmesi', 'Bilgi alındı', '2025-01-26 16:00:00', NOW()),
('f1000001-0000-0000-0000-000000000008', 'b1000001-0000-0000-0000-000000000029', 'a1000001-0000-0000-0000-000000000010', 'Ziyaret', 'İhtiyaç Analizi', 'Gereksinimler', '2025-01-27 14:00:00', NOW());

-- =============================================
-- 7. CRM GÖREVLER
-- =============================================

INSERT INTO crm_tasks (id, customer_id, sales_person_id, title, description, due_date, priority, status, created_at) VALUES
('a2000001-0000-0000-0000-000000000001', 'b1000001-0000-0000-0000-000000000001', 'a1000001-0000-0000-0000-000000000003', 'Sözleşme Hazırla', 'ERP sözleşme taslağı', '2025-02-05', 'Yüksek', 'Devam Ediyor', NOW()),
('a2000001-0000-0000-0000-000000000002', 'b1000001-0000-0000-0000-000000000005', 'a1000001-0000-0000-0000-000000000004', 'Kick-off Planla', 'Proje başlangıcı', '2025-02-10', 'Yüksek', 'Bekliyor', NOW()),
('a2000001-0000-0000-0000-000000000003', 'b1000001-0000-0000-0000-000000000009', 'a1000001-0000-0000-0000-000000000005', 'Güvenlik Denetimi', 'Denetim raporu', '2025-02-15', 'Yüksek', 'Devam Ediyor', NOW()),
('a2000001-0000-0000-0000-000000000004', 'b1000001-0000-0000-0000-000000000013', 'a1000001-0000-0000-0000-000000000006', 'Referans Ziyareti', 'Müşteri ziyareti', '2025-02-08', 'Orta', 'Bekliyor', NOW()),
('a2000001-0000-0000-0000-000000000005', 'b1000001-0000-0000-0000-000000000017', 'a1000001-0000-0000-0000-000000000007', 'Fiyat Revizyonu', 'Bakım fiyatı', '2025-02-12', 'Orta', 'Devam Ediyor', NOW()),
('a2000001-0000-0000-0000-000000000006', 'b1000001-0000-0000-0000-000000000021', 'a1000001-0000-0000-0000-000000000008', 'Pilot Otel Seçimi', 'Pilot belirleme', '2025-02-18', 'Orta', 'Bekliyor', NOW()),
('a2000001-0000-0000-0000-000000000007', 'b1000001-0000-0000-0000-000000000025', 'a1000001-0000-0000-0000-000000000009', 'Bütçe Onayı Takip', 'Bütçe takibi', '2025-02-20', 'Düşük', 'Bekliyor', NOW()),
('a2000001-0000-0000-0000-000000000008', 'b1000001-0000-0000-0000-000000000029', 'a1000001-0000-0000-0000-000000000010', 'Teknik Toplantı', 'IoT toplantısı', '2025-02-25', 'Orta', 'Bekliyor', NOW());

-- =============================================
-- 8. SWOT ANALİZLERİ (Mevcut tablo yapısına göre sonra eklenecek)
-- =============================================

-- ÖZET: Demo Verileri Yüklendi!
-- =============================================
